epoch,loss_type,smooth_lddt_weight,total_loss,global_mse,local_angle_mae
1,edm,1.0,21.947272270917892,72.74655151367188,52.296348571777344
2,edm,1.0,16.5188290476799,73.27391052246094,51.94748306274414
3,edm,1.0,13.347322911024094,69.28822326660156,53.659088134765625
4,edm,1.0,10.002237305045128,68.60867309570312,52.4299201965332
5,edm,1.0,7.654950246214867,54.753944396972656,52.20480728149414
6,edm,1.0,6.187278166413307,46.458740234375,53.496864318847656
7,edm,1.0,4.971033237874508,28.396699905395508,52.50074005126953
8,edm,1.0,4.211916796863079,16.56138801574707,51.45794677734375
9,edm,1.0,3.99541424959898,12.174354553222656,51.485748291015625
10,edm,1.0,3.615675561130047,9.908975601196289,50.69532012939453
11,edm,1.0,3.453274868428707,8.994693756103516,50.49407958984375
12,edm,1.0,3.3795799911022186,8.323838233947754,52.27218246459961
13,edm,1.0,3.160724051296711,7.1886491775512695,51.11305618286133
14,edm,1.0,3.0792730674147606,6.351256370544434,50.71247100830078
15,edm,1.0,2.913054995238781,5.168853282928467,50.19773864746094
16,edm,1.0,2.893562726676464,4.664137840270996,49.60673904418945
17,edm,1.0,2.9079140946269035,4.488986015319824,51.79876708984375
18,edm,1.0,2.8367051854729652,4.482264518737793,50.68092346191406
19,edm,1.0,2.8230484053492546,3.9627020359039307,52.09074401855469
20,edm,1.0,2.7623645439743996,3.6342568397521973,50.168243408203125
21,edm,1.0,2.736611247062683,3.865663528442383,50.60012435913086
22,edm,1.0,2.6686679050326347,3.3124992847442627,51.61501693725586
23,edm,1.0,2.642823837697506,2.9373655319213867,49.82938766479492
24,edm,1.0,2.6904895827174187,2.4509212970733643,51.55638885498047
25,edm,1.0,2.5972299054265022,2.564237117767334,50.53522491455078
26,edm,1.0,2.629552498459816,3.217418909072876,50.76639938354492
27,edm,1.0,2.5521020367741585,2.2528882026672363,49.97148132324219
28,edm,1.0,2.5034711435437202,2.49542498588562,50.08599853515625
29,edm,1.0,2.4715765938162804,2.0108466148376465,50.450618743896484
30,edm,1.0,2.4529168978333473,2.0606868267059326,51.412967681884766
31,edm,1.0,2.4185313805937767,2.257573127746582,51.36225128173828
32,edm,1.0,2.3928505033254623,1.5166946649551392,50.86747741699219
33,edm,1.0,2.498609207570553,2.58027982711792,49.810482025146484
34,edm,1.0,2.3679928332567215,1.8485324382781982,49.938045501708984
35,edm,1.0,2.3289630338549614,1.5644044876098633,49.48421859741211
36,edm,1.0,2.3460894599556923,1.6118876934051514,49.999454498291016
37,edm,1.0,2.3198987618088722,1.4602608680725098,50.13388442993164
38,edm,1.0,2.269814297556877,1.4837232828140259,52.37514114379883
39,edm,1.0,2.259117402136326,1.2444466352462769,50.48922348022461
40,edm,1.0,2.254750519990921,1.3039770126342773,51.524818420410156
41,edm,1.0,2.24870777875185,1.4596863985061646,48.82701110839844
42,edm,1.0,2.244017943739891,1.0665562152862549,49.61768341064453
43,edm,1.0,2.2202589213848114,1.4407542943954468,49.68046569824219
44,edm,1.0,2.1769497841596603,1.1704764366149902,49.66535186767578
45,edm,1.0,2.1927950605750084,1.4898840188980103,49.46015930175781
46,edm,1.0,2.1971588879823685,1.1212295293807983,50.19342803955078
47,edm,1.0,2.1620884612202644,1.1752766370773315,50.17793273925781
48,edm,1.0,2.146873064339161,1.041955828666687,51.088871002197266
49,edm,1.0,2.1311731711030006,1.2882397174835205,50.39262390136719
50,edm,1.0,2.103328362107277,1.127427339553833,50.113033294677734
51,edm,1.0,2.1018918082118034,1.031819462776184,50.766082763671875
52,edm,1.0,2.0693878792226315,1.1671220064163208,50.3397216796875
53,edm,1.0,2.113468162715435,0.9703294038772583,49.46973419189453
54,edm,1.0,2.094404086470604,0.9850664734840393,48.82525634765625
55,edm,1.0,2.0946495085954666,1.2059307098388672,49.62443161010742
56,edm,1.0,2.0641310065984726,1.059495210647583,48.771636962890625
57,edm,1.0,2.0614351741969585,0.8721203207969666,49.937618255615234
58,edm,1.0,2.0484357699751854,0.9816138744354248,50.24201965332031
59,edm,1.0,2.0304856672883034,1.1318893432617188,49.63872146606445
60,edm,1.0,2.0155945792794228,1.0116150379180908,50.34619140625
61,edm,1.0,1.9900926612317562,0.8307113647460938,49.497894287109375
62,edm,1.0,2.0441702865064144,1.0681935548782349,49.602970123291016
63,edm,1.0,2.0689221881330013,0.9995650053024292,48.74207305908203
64,edm,1.0,2.003600876778364,0.8058152794837952,48.76496887207031
65,edm,1.0,1.9922938980162144,0.7962246537208557,48.74677276611328
66,edm,1.0,1.995284877717495,1.0780998468399048,49.970970153808594
67,edm,1.0,1.9933846406638622,0.7708998918533325,49.25547790527344
68,edm,1.0,1.9489177092909813,0.8267868161201477,49.038536071777344
69,edm,1.0,1.9430336989462376,0.7805002927780151,49.81163024902344
70,edm,1.0,1.9319165647029877,0.7383170127868652,49.17778396606445
71,edm,1.0,1.936603732407093,0.8892650604248047,49.14973449707031
72,edm,1.0,1.9397980868816376,0.7443425059318542,48.53621292114258
73,edm,1.0,1.9159960709512234,0.7138000726699829,49.39169692993164
74,edm,1.0,1.9160172492265701,0.7322506308555603,48.29157257080078
75,edm,1.0,1.9218187108635902,0.8745949864387512,47.84743118286133
76,edm,1.0,1.92862069606781,0.6400850415229797,49.367210388183594
77,edm,1.0,1.9225724674761295,0.6189168095588684,49.36922836303711
78,edm,1.0,1.8972385041415691,0.680483877658844,49.09492111206055
79,edm,1.0,1.881241474300623,0.6879449486732483,49.513729095458984
80,edm,1.0,1.8957680091261864,0.7324446439743042,48.051876068115234
81,edm,1.0,1.9024912491440773,0.6685817241668701,48.3155403137207
82,edm,1.0,1.8634837754070759,0.7276207208633423,49.29197311401367
83,edm,1.0,1.9028527215123177,0.6080296635627747,48.77439880371094
84,edm,1.0,1.8888060860335827,0.5819249749183655,50.104312896728516
85,edm,1.0,1.8776745423674583,0.749101996421814,48.98545455932617
86,edm,1.0,1.8640371151268482,0.6418594717979431,48.25508117675781
87,edm,1.0,1.8678992465138435,0.7179458737373352,48.86153030395508
88,edm,1.0,1.8755011931061745,0.7488731145858765,47.94856643676758
89,edm,1.0,1.8224556781351566,0.6109296083450317,48.33897399902344
90,edm,1.0,1.849379688501358,0.5780631899833679,48.29561233520508
91,edm,1.0,1.834306724369526,0.6807677745819092,49.20703125
92,edm,1.0,1.830511350184679,0.5758272409439087,48.395233154296875
93,edm,1.0,1.839566346257925,0.6305280923843384,48.384586334228516
94,edm,1.0,1.8159897811710835,0.6539407968521118,48.48692321777344
95,edm,1.0,1.8226228058338165,0.5771833062171936,49.67466354370117
96,edm,1.0,1.8064945749938488,0.5885874629020691,48.22811508178711
97,edm,1.0,1.7921355590224266,0.6125583648681641,48.169403076171875
98,edm,1.0,1.786433681845665,0.6052122712135315,48.041568756103516
99,edm,1.0,1.8221262879669666,0.5939533710479736,48.797401428222656
100,edm,1.0,1.8055534176528454,0.5298115015029907,49.75118637084961
101,edm,1.0,1.8379360511898994,0.6882966756820679,48.43116760253906
102,edm,1.0,1.8268933184444904,0.6366903185844421,48.89706039428711
103,edm,1.0,1.7950517572462559,0.5086880326271057,49.50607681274414
104,edm,1.0,1.7964992225170135,0.6380761861801147,48.76528549194336
105,edm,1.0,1.7901493571698666,0.6309362649917603,48.03168869018555
106,edm,1.0,1.8110540471971035,0.5247747898101807,48.966217041015625
107,edm,1.0,1.8026348799467087,0.5200457572937012,48.2226676940918
108,edm,1.0,1.7750535607337952,0.6148447394371033,47.07084274291992
109,edm,1.0,1.7811085879802704,0.6344843506813049,47.07569122314453
110,edm,1.0,1.7691625766456127,0.5969316959381104,46.099639892578125
111,edm,1.0,1.7586503326892853,0.5413039326667786,46.86833953857422
112,edm,1.0,1.7703745886683464,0.5617700219154358,47.2564697265625
113,edm,1.0,1.7509995214641094,0.489903062582016,47.346229553222656
114,edm,1.0,1.7586380168795586,0.5266022682189941,48.093502044677734
115,edm,1.0,1.7529460787773132,0.6350435018539429,46.869407653808594
116,edm,1.0,1.7718822434544563,0.5343780517578125,48.256412506103516
117,edm,1.0,1.7280312813818455,0.6073285341262817,47.65458297729492
118,edm,1.0,1.7404040805995464,0.6788123250007629,47.3647575378418
119,edm,1.0,1.7536768577992916,0.5043750405311584,49.1957893371582
120,edm,1.0,1.7369237914681435,0.4757586419582367,48.45620346069336
121,edm,1.0,1.73047611489892,0.4897778630256653,49.18735885620117
122,edm,1.0,1.706443790346384,0.587492048740387,47.70577621459961
123,edm,1.0,1.7214223966002464,0.5820319056510925,48.28532791137695
124,edm,1.0,1.7233062945306301,0.4950968623161316,48.5018196105957
125,edm,1.0,1.7196177877485752,0.558485746383667,47.05570983886719
126,edm,1.0,1.7428354360163212,0.5858379602432251,49.70039367675781
127,edm,1.0,1.7158928997814655,0.46186602115631104,48.571922302246094
128,edm,1.0,1.7040257453918457,0.47815361618995667,48.04362106323242
129,edm,1.0,1.7333334386348724,0.5558077096939087,47.3536491394043
130,edm,1.0,1.7080875374376774,0.566676914691925,48.281314849853516
131,edm,1.0,1.719245109707117,0.4825645685195923,47.907405853271484
132,edm,1.0,1.7010209485888481,0.5814754366874695,48.38468551635742
133,edm,1.0,1.6998318023979664,0.46857136487960815,48.58980178833008
134,edm,1.0,1.6882300078868866,0.4191592037677765,48.48681640625
135,edm,1.0,1.7210856080055237,0.44538989663124084,47.27562713623047
136,edm,1.0,1.7244245782494545,0.46324530243873596,47.78850173950195
137,edm,1.0,1.7115341238677502,0.4684537649154663,47.56261444091797
138,edm,1.0,1.6713190376758575,0.43437591195106506,48.30680847167969
139,edm,1.0,1.6968844346702099,0.48360133171081543,48.6724739074707
140,edm,1.0,1.6971193999052048,0.41854140162467957,48.23786544799805
141,edm,1.0,1.6858727745711803,0.5383818745613098,47.17560577392578
142,edm,1.0,1.6735481433570385,0.5058505535125732,47.29352951049805
143,edm,1.0,1.6710375919938087,0.4167276620864868,48.113548278808594
144,edm,1.0,1.6825575903058052,0.4560483694076538,47.865638732910156
145,edm,1.0,1.6882413886487484,0.4637797772884369,46.99851608276367
146,edm,1.0,1.663012944161892,0.47799593210220337,47.86748123168945
147,edm,1.0,1.6643063314259052,0.5105466246604919,48.81166458129883
148,edm,1.0,1.6764632686972618,0.46664729714393616,47.82264709472656
149,edm,1.0,1.6669170074164867,0.4452090561389923,46.809139251708984
150,edm,1.0,1.6793716959655285,0.38459786772727966,48.30665588378906
151,edm,1.0,1.679480466991663,0.5674448609352112,46.75495147705078
152,edm,1.0,1.6663746796548367,0.39588332176208496,46.34186935424805
153,edm,1.0,1.6750118285417557,0.44517844915390015,46.72692108154297
154,edm,1.0,1.6801042333245277,0.5503291487693787,47.50593948364258
155,edm,1.0,1.696836806833744,0.4637530446052551,46.831172943115234
156,edm,1.0,1.6610719226300716,0.38865864276885986,47.58427810668945
157,edm,1.0,1.6636158861219883,0.4583119750022888,47.80012512207031
158,edm,1.0,1.644196692854166,0.4184057414531708,47.754486083984375
159,edm,1.0,1.6369360387325287,0.4410116374492645,47.162742614746094
160,edm,1.0,1.6516567207872868,0.4540427029132843,48.20708084106445
161,edm,1.0,1.645563930273056,0.49832773208618164,47.90546417236328
162,edm,1.0,1.6443126052618027,0.49344751238822937,47.26409149169922
163,edm,1.0,1.640654545277357,0.4377729296684265,48.208030700683594
164,edm,1.0,1.6572512984275818,0.42854079604148865,47.20690155029297
165,edm,1.0,1.678097952157259,0.5041170120239258,47.80161666870117
166,edm,1.0,1.6489873602986336,0.3994014263153076,48.552642822265625
167,edm,1.0,1.6154078282415867,0.44818639755249023,48.14643478393555
168,edm,1.0,1.60161654651165,0.4419412910938263,49.951541900634766
169,edm,1.0,1.6412211991846561,0.40596964955329895,46.44758224487305
170,edm,1.0,1.6375617533922195,0.40494436025619507,49.187381744384766
171,edm,1.0,1.6305165588855743,0.43823033571243286,48.0745849609375
172,edm,1.0,1.6135712452232838,0.4506261944770813,47.09275817871094
173,edm,1.0,1.6160974986851215,0.40176329016685486,47.36167907714844
174,edm,1.0,1.635178379714489,0.4615050256252289,47.48894119262695
175,edm,1.0,1.61675388738513,0.4423220455646515,47.1851806640625
176,edm,1.0,1.6636948958039284,0.40231385827064514,48.48291015625
177,edm,1.0,1.6303242668509483,0.40558135509490967,48.32249450683594
178,edm,1.0,1.6280863620340824,0.3595310151576996,46.834442138671875
179,edm,1.0,1.6423375755548477,0.43420839309692383,47.438663482666016
180,edm,1.0,1.619476828724146,0.42993879318237305,48.896240234375
181,edm,1.0,1.6037581749260426,0.3845941424369812,47.992713928222656
182,edm,1.0,1.5746659599244595,0.4511716663837433,47.30962371826172
183,edm,1.0,1.6173762828111649,0.44309645891189575,47.247764587402344
184,edm,1.0,1.6127025596797466,0.410455584526062,47.68865966796875
185,edm,1.0,1.600015066564083,0.3928513526916504,46.77253723144531
186,edm,1.0,1.581981711089611,0.40388286113739014,47.745479583740234
187,edm,1.0,1.610927663743496,0.3809785544872284,48.08147048950195
188,edm,1.0,1.6177134811878204,0.49223068356513977,48.241973876953125
189,edm,1.0,1.6095813140273094,0.45096492767333984,47.12766647338867
190,edm,1.0,1.598929487168789,0.3514391779899597,46.34061050415039
191,edm,1.0,1.6311656311154366,0.4572712481021881,47.56380081176758
192,edm,1.0,1.6069890521466732,0.3986082375049591,48.01798629760742
193,edm,1.0,1.6152892708778381,0.3769010305404663,47.759090423583984
194,edm,1.0,1.6065322756767273,0.4414392411708832,47.52436065673828
195,edm,1.0,1.6121520921587944,0.3879927396774292,47.254173278808594
196,edm,1.0,1.6085665076971054,0.4220513701438904,46.9156379699707
197,edm,1.0,1.5677941143512726,0.3764042854309082,47.541168212890625
198,edm,1.0,1.58633753657341,0.42339229583740234,48.373775482177734
199,edm,1.0,1.5985448360443115,0.4307086169719696,47.87781524658203
200,edm,1.0,1.5784949101507664,0.42313987016677856,48.088741302490234
201,edm,1.0,1.571077849715948,0.384075790643692,47.46220016479492
202,edm,1.0,1.5728234127163887,0.3573009669780731,46.691280364990234
203,edm,1.0,1.5704087726771832,0.38177016377449036,47.56622314453125
204,edm,1.0,1.6142936237156391,0.3763892650604248,46.96049499511719
205,edm,1.0,1.5868885554373264,0.40039581060409546,46.477638244628906
206,edm,1.0,1.6100312769412994,0.42150500416755676,47.82106018066406
207,edm,1.0,1.566024836152792,0.33867278695106506,49.46448516845703
208,edm,1.0,1.5973710753023624,0.39679551124572754,46.920955657958984
209,edm,1.0,1.5430421866476536,0.40042436122894287,47.319091796875
210,edm,1.0,1.576796267181635,0.394473135471344,46.077301025390625
211,edm,1.0,1.5920618064701557,0.3776920437812805,46.80455780029297
212,edm,1.0,1.5877729840576649,0.36421337723731995,47.606468200683594
213,edm,1.0,1.572817351669073,0.3918859660625458,47.54589080810547
214,edm,1.0,1.529342170804739,0.39165762066841125,47.99005889892578
215,edm,1.0,1.5523581504821777,0.42420312762260437,47.111106872558594
216,edm,1.0,1.5559595823287964,0.42212238907814026,46.33623504638672
217,edm,1.0,1.5840453803539276,0.36305946111679077,46.90299987792969
218,edm,1.0,1.6074260473251343,0.5136277079582214,47.37206268310547
219,edm,1.0,1.5585230067372322,0.37316280603408813,48.71943283081055
220,edm,1.0,1.5706240683794022,0.3547666668891907,46.030670166015625
221,edm,1.0,1.5581729374825954,0.35862037539482117,47.798885345458984
222,edm,1.0,1.5375129468739033,0.37254273891448975,47.52527618408203
223,edm,1.0,1.5524892024695873,0.40463563799858093,46.69984817504883
224,edm,1.0,1.5527826771140099,0.3913671672344208,47.30436325073242
225,edm,1.0,1.5759193748235703,0.390977680683136,47.56688690185547
226,edm,1.0,1.527142234146595,0.37284544110298157,47.23153305053711
227,edm,1.0,1.5401715114712715,0.3527873456478119,46.65658950805664
228,edm,1.0,1.5182278975844383,0.3952866792678833,46.44956970214844
229,edm,1.0,1.5404792092740536,0.3796128034591675,47.36772918701172
230,edm,1.0,1.5506663881242275,0.37396830320358276,46.742801666259766
231,edm,1.0,1.516970258206129,0.3605932295322418,47.8194694519043
232,edm,1.0,1.5246515721082687,0.3579311668872833,47.43336868286133
233,edm,1.0,1.5437182784080505,0.3769267499446869,47.14323043823242
234,edm,1.0,1.5244434289634228,0.3808647692203522,46.7895622253418
235,edm,1.0,1.511032059788704,0.3376857042312622,47.65487289428711
236,edm,1.0,1.5288501009345055,0.417417973279953,47.55415725708008
237,edm,1.0,1.547425638884306,0.4147675633430481,48.048683166503906
238,edm,1.0,1.5559966787695885,0.32601818442344666,48.27803421020508
239,edm,1.0,1.5413967333734035,0.37841206789016724,46.8952522277832
240,edm,1.0,1.541251190006733,0.36452341079711914,48.14274978637695
241,edm,1.0,1.5412583574652672,0.3763178884983063,47.86331558227539
242,edm,1.0,1.5488988161087036,0.35508495569229126,47.58944320678711
243,edm,1.0,1.5133161209523678,0.3976609408855438,47.93020248413086
244,edm,1.0,1.491885967552662,0.3763601779937744,46.102760314941406
245,edm,1.0,1.530169554054737,0.3908681869506836,47.512088775634766
246,edm,1.0,1.5376627556979656,0.34864330291748047,47.690940856933594
247,edm,1.0,1.5137636177241802,0.33523082733154297,48.87885284423828
248,edm,1.0,1.5525692142546177,0.3757816255092621,47.87404251098633
249,edm,1.0,1.5163363739848137,0.348048597574234,48.88133239746094
250,edm,1.0,1.5112182907760143,0.39379796385765076,46.229583740234375
251,edm,1.0,1.520443744957447,0.37454766035079956,46.95865249633789
252,edm,1.0,1.5139836110174656,0.3916195034980774,45.5588264465332
253,edm,1.0,1.504680808633566,0.3552619516849518,47.19889831542969
254,edm,1.0,1.4967437200248241,0.36628326773643494,47.76779556274414
255,edm,1.0,1.5095284506678581,0.3677641451358795,47.29841232299805
256,edm,1.0,1.5090314634144306,0.34121474623680115,46.147220611572266
257,edm,1.0,1.5084064491093159,0.3381243348121643,47.6883659362793
258,edm,1.0,1.5210667252540588,0.3323151171207428,48.666988372802734
259,edm,1.0,1.5057018212974072,0.32270723581314087,48.233551025390625
260,edm,1.0,1.5131272934377193,0.32409486174583435,47.1103630065918
261,edm,1.0,1.4929262734949589,0.37258580327033997,46.50110626220703
262,edm,1.0,1.5207237154245377,0.32661086320877075,46.973941802978516
263,edm,1.0,1.5055536776781082,0.33141717314720154,47.78427505493164
264,edm,1.0,1.4945106096565723,0.3919590413570404,46.66145706176758
265,edm,1.0,1.5401745326817036,0.3442649245262146,46.451961517333984
266,edm,1.0,1.504170075058937,0.3861066699028015,48.307369232177734
267,edm,1.0,1.4927932731807232,0.4047360122203827,48.02070236206055
268,edm,1.0,1.5064754597842693,0.3285435736179352,46.40476989746094
269,edm,1.0,1.4981882013380527,0.3309612274169922,46.84697341918945
270,edm,1.0,1.496973492205143,0.38141652941703796,47.01258850097656
271,edm,1.0,1.4965848252177238,0.3823002576828003,46.23072814941406
272,edm,1.0,1.4769960008561611,0.34283286333084106,46.062644958496094
273,edm,1.0,1.4837348461151123,0.3798699975013733,46.59385681152344
274,edm,1.0,1.4770324602723122,0.36176666617393494,46.7705078125
275,edm,1.0,1.4859258458018303,0.35727062821388245,47.27486038208008
276,edm,1.0,1.4744671359658241,0.35654914379119873,46.953033447265625
277,edm,1.0,1.454575251787901,0.3642021715641022,47.45081329345703
278,edm,1.0,1.505351733416319,0.38165363669395447,45.737545013427734
279,edm,1.0,1.4722023643553257,0.31252917647361755,46.400962829589844
280,edm,1.0,1.4899427331984043,0.3690568804740906,46.09657287597656
281,edm,1.0,1.4695969857275486,0.3291909098625183,46.38665771484375
282,edm,1.0,1.4993897676467896,0.38005542755126953,45.836421966552734
283,edm,1.0,1.4672680087387562,0.31781643629074097,47.664222717285156
284,edm,1.0,1.4789225719869137,0.3302243649959564,48.3862190246582
285,edm,1.0,1.4739540219306946,0.38259854912757874,47.63080978393555
286,edm,1.0,1.4694536216557026,0.37975335121154785,46.23272705078125
287,edm,1.0,1.470729075372219,0.3398169279098511,47.933902740478516
288,edm,1.0,1.49492322281003,0.36065399646759033,46.27779769897461
289,edm,1.0,1.458779864013195,0.33074089884757996,48.686283111572266
290,edm,1.0,1.445675604045391,0.3071637451648712,47.35662078857422
291,edm,1.0,1.4669048674404621,0.34339097142219543,46.34527587890625
292,edm,1.0,1.4674916751682758,0.33763188123703003,46.161659240722656
293,edm,1.0,1.4593439027667046,0.31001442670822144,46.0499153137207
294,edm,1.0,1.4663209207355976,0.33851876854896545,47.71931076049805
295,edm,1.0,1.4473061747848988,0.3508129417896271,48.315452575683594
296,edm,1.0,1.4801953807473183,0.34445247054100037,47.64683151245117
297,edm,1.0,1.4462523125112057,0.33927467465400696,47.311683654785156
298,edm,1.0,1.4614658318459988,0.35944026708602905,45.51539611816406
299,edm,1.0,1.4612934440374374,0.3264916241168976,46.19287872314453
300,edm,1.0,1.477739043533802,0.3335060477256775,46.3806266784668
301,edm,1.0,1.4406825713813305,0.32616856694221497,47.35892868041992
302,edm,1.0,1.4550322815775871,0.3316832482814789,46.92475128173828
303,edm,1.0,1.4579733982682228,0.377637654542923,46.243263244628906
304,edm,1.0,1.4542045332491398,0.34964948892593384,47.584938049316406
305,edm,1.0,1.4450147971510887,0.35662010312080383,46.00105667114258
306,edm,1.0,1.446655597537756,0.32352322340011597,46.89515686035156
307,edm,1.0,1.4578994885087013,0.325803279876709,46.26390838623047
308,edm,1.0,1.453610796481371,0.325432151556015,47.354183197021484
309,edm,1.0,1.460520889610052,0.33996132016181946,46.48575210571289
310,edm,1.0,1.4565598852932453,0.31120553612709045,46.92127990722656
311,edm,1.0,1.4711702316999435,0.39393022656440735,47.323402404785156
312,edm,1.0,1.4425738491117954,0.2998063862323761,46.50775146484375
313,edm,1.0,1.4619177281856537,0.3107779324054718,46.8099365234375
314,edm,1.0,1.433186687529087,0.3886420428752899,45.73779296875
315,edm,1.0,1.4395678825676441,0.3123049736022949,47.86735916137695
316,edm,1.0,1.4495519511401653,0.36068394780158997,46.867713928222656
317,edm,1.0,1.4478933922946453,0.35549116134643555,46.36421585083008
318,edm,1.0,1.430569153279066,0.33105170726776123,46.20164489746094
319,edm,1.0,1.427269447594881,0.35483843088150024,48.47136688232422
320,edm,1.0,1.4263456016778946,0.3508932888507843,47.42827224731445
321,edm,1.0,1.4481761194765568,0.31802108883857727,46.95941162109375
322,edm,1.0,1.4344091676175594,0.33128052949905396,46.990333557128906
323,edm,1.0,1.4311382174491882,0.3162914216518402,47.44096374511719
324,edm,1.0,1.4245221316814423,0.31742963194847107,46.89213943481445
325,edm,1.0,1.4635373800992966,0.3565443158149719,47.44516372680664
326,edm,1.0,1.4442879483103752,0.37477990984916687,45.832618713378906
327,edm,1.0,1.4399589411914349,0.32214224338531494,47.8211669921875
328,edm,1.0,1.4392533674836159,0.34180471301078796,47.586551666259766
329,edm,1.0,1.4499260410666466,0.33964425325393677,47.30571365356445
330,edm,1.0,1.4208661206066608,0.3372589349746704,46.01153564453125
331,edm,1.0,1.4332966357469559,0.2912818193435669,46.83492660522461
332,edm,1.0,1.4048122353851795,0.33327516913414,47.45772933959961
333,edm,1.0,1.42359284684062,0.3152785301208496,46.85082244873047
334,edm,1.0,1.4201695434749126,0.31164437532424927,47.20123291015625
335,edm,1.0,1.4248311817646027,0.35828179121017456,45.95572280883789
336,edm,1.0,1.4178497418761253,0.313946008682251,47.23505401611328
337,edm,1.0,1.4646004401147366,0.31882771849632263,47.70521545410156
338,edm,1.0,1.4271706566214561,0.3112506568431854,47.3645133972168
339,edm,1.0,1.42226292937994,0.32437604665756226,48.01533889770508
340,edm,1.0,1.4220374003052711,0.32976722717285156,46.654014587402344
341,edm,1.0,1.413707472383976,0.36130034923553467,45.73771286010742
342,edm,1.0,1.417363315820694,0.30973300337791443,46.91344451904297
343,edm,1.0,1.41334880143404,0.347255676984787,45.920005798339844
344,edm,1.0,1.3978536613285542,0.3133571147918701,46.03928756713867
345,edm,1.0,1.3986393585801125,0.3252488970756531,47.864959716796875
346,edm,1.0,1.4104308411478996,0.339896559715271,47.62574005126953
347,edm,1.0,1.4078187197446823,0.33643609285354614,46.9359245300293
348,edm,1.0,1.4209170415997505,0.3114294409751892,46.690284729003906
349,edm,1.0,1.429025549441576,0.3013547658920288,46.504634857177734
350,edm,1.0,1.4064269587397575,0.30024707317352295,46.923770904541016
351,edm,1.0,1.4147609733045101,0.3344511091709137,46.63050079345703
352,edm,1.0,1.3902342803776264,0.30813807249069214,46.23756408691406
353,edm,1.0,1.4045638218522072,0.3170340657234192,47.98568344116211
354,edm,1.0,1.4238221123814583,0.336783230304718,46.12610626220703
355,edm,1.0,1.391450997442007,0.3256579339504242,47.85042953491211
356,edm,1.0,1.395962979644537,0.3369143009185791,45.483036041259766
357,edm,1.0,1.3888019621372223,0.29372724890708923,45.94987869262695
358,edm,1.0,1.4107130989432335,0.31807467341423035,46.532100677490234
359,edm,1.0,1.405870746821165,0.29697397351264954,46.365047454833984
360,edm,1.0,1.417322937399149,0.3043192923069,47.431949615478516
361,edm,1.0,1.373638316988945,0.3038022220134735,46.74201202392578
362,edm,1.0,1.3878446742892265,0.3101257085800171,45.92683029174805
363,edm,1.0,1.4019632302224636,0.2797432243824005,46.62989807128906
364,edm,1.0,1.3855742029845715,0.3128560483455658,48.316593170166016
365,edm,1.0,1.386077530682087,0.322805792093277,47.78242874145508
366,edm,1.0,1.4047313705086708,0.3051746189594269,44.0438117980957
367,edm,1.0,1.3688583634793758,0.30335694551467896,45.267921447753906
368,edm,1.0,1.3817804083228111,0.2758176624774933,46.63296890258789
369,edm,1.0,1.3733258917927742,0.3117484450340271,47.42084503173828
370,edm,1.0,1.395035084336996,0.29480797052383423,47.13069152832031
371,edm,1.0,1.406731616705656,0.2917077839374542,47.45710372924805
372,edm,1.0,1.374687984585762,0.2817234992980957,48.17914962768555
373,edm,1.0,1.3830489963293076,0.28144776821136475,47.30620574951172
374,edm,1.0,1.386215202510357,0.30480557680130005,46.86006164550781
375,edm,1.0,1.3750135190784931,0.3054395616054535,46.896854400634766
376,edm,1.0,1.3927034810185432,0.2847916781902313,46.670166015625
377,edm,1.0,1.374432560056448,0.2693435549736023,45.703861236572266
378,edm,1.0,1.369413074105978,0.2959604561328888,45.245872497558594
379,edm,1.0,1.357273742556572,0.28272390365600586,46.6308708190918
380,edm,1.0,1.365644458681345,0.26282835006713867,46.591819763183594
381,edm,1.0,1.375874124467373,0.2948228120803833,45.778587341308594
382,edm,1.0,1.3645633198320866,0.2951480746269226,46.99583053588867
383,edm,1.0,1.3885153643786907,0.30193519592285156,45.44240951538086
384,edm,1.0,1.3725082762539387,0.27257540822029114,47.89176559448242
385,edm,1.0,1.3648828528821468,0.2623777687549591,46.308048248291016
386,edm,1.0,1.356806755065918,0.2566433846950531,45.10103225708008
387,edm,1.0,1.35643807426095,0.2478494644165039,47.15997314453125
388,edm,1.0,1.3505335040390491,0.2751055359840393,44.76156997680664
389,edm,1.0,1.366109661757946,0.26743414998054504,45.10493469238281
390,edm,1.0,1.3412929438054562,0.28231778740882874,44.94791793823242
391,edm,1.0,1.3432597555220127,0.273363322019577,45.872413635253906
392,edm,1.0,1.344991061836481,0.24792513251304626,44.40885925292969
393,edm,1.0,1.3520467095077038,0.25244808197021484,44.3908805847168
394,edm,1.0,1.343671754002571,0.2270708829164505,43.79092788696289
395,edm,1.0,1.315773781388998,0.2374783605337143,44.52556228637695
396,edm,1.0,1.323220457881689,0.234239861369133,44.23875427246094
397,edm,1.0,1.3245950937271118,0.24318793416023254,43.7044792175293
398,edm,1.0,1.3058056198060513,0.224928081035614,42.61543655395508
399,edm,1.0,1.303361814469099,0.2369120717048645,42.551116943359375
400,edm,1.0,1.3030681423842907,0.23546424508094788,42.4764518737793
401,edm,1.0,1.30081257969141,0.25770536065101624,40.61738204956055
402,edm,1.0,1.284971959888935,0.23773223161697388,41.31003952026367
403,edm,1.0,1.2875764779746532,0.22391550242900848,39.637367248535156
404,edm,1.0,1.2931680157780647,0.22625510394573212,40.08433532714844
405,edm,1.0,1.2762049548327923,0.23040316998958588,39.92898941040039
406,edm,1.0,1.2926323264837265,0.2217709869146347,39.23655700683594
407,edm,1.0,1.2829047441482544,0.20261013507843018,38.27072525024414
408,edm,1.0,1.2889593243598938,0.22795306146144867,37.954959869384766
409,edm,1.0,1.27772656083107,0.20053116977214813,40.076377868652344
410,edm,1.0,1.2776008807122707,0.1940811574459076,39.44096755981445
411,edm,1.0,1.2746712192893028,0.19519539177417755,36.910972595214844
412,edm,1.0,1.2370921783149242,0.20177674293518066,39.48899459838867
413,edm,1.0,1.2598632872104645,0.2065504640340805,36.824520111083984
414,edm,1.0,1.2536043785512447,0.19898055493831635,37.87841796875
415,edm,1.0,1.231154140084982,0.19577810168266296,36.41691970825195
416,edm,1.0,1.237705696374178,0.1925869584083557,37.50703811645508
417,edm,1.0,1.2226612716913223,0.17908912897109985,35.3886833190918
418,edm,1.0,1.2226630300283432,0.1873064786195755,34.89411926269531
419,edm,1.0,1.2316074632108212,0.17870302498340607,35.56427001953125
420,edm,1.0,1.2639345303177834,0.145180344581604,34.07316207885742
421,edm,1.0,1.2168496437370777,0.1930564045906067,34.896995544433594
422,edm,1.0,1.2282512113451958,0.16454850137233734,33.094669342041016
423,edm,1.0,1.209671538323164,0.18542052805423737,33.794837951660156
424,edm,1.0,1.2231661453843117,0.16329698264598846,34.150691986083984
425,edm,1.0,1.1799265556037426,0.16232523322105408,33.49833679199219
426,edm,1.0,1.1914144419133663,0.13820867240428925,33.61995315551758
427,edm,1.0,1.2258085012435913,0.14959000051021576,33.358665466308594
428,edm,1.0,1.169709362089634,0.14344358444213867,30.65384292602539
429,edm,1.0,1.1985070556402206,0.13425672054290771,31.117773056030273
430,edm,1.0,1.1817042380571365,0.144084632396698,32.329856872558594
431,edm,1.0,1.154760044068098,0.14380687475204468,30.795589447021484
432,edm,1.0,1.1720912866294384,0.1405573934316635,30.038108825683594
433,edm,1.0,1.179180920124054,0.11965622752904892,31.220388412475586
434,edm,1.0,1.1654146239161491,0.1332448273897171,29.412424087524414
435,edm,1.0,1.1625199876725674,0.11854876577854156,29.56533432006836
436,edm,1.0,1.1541961431503296,0.1414853036403656,29.63285255432129
437,edm,1.0,1.1697198078036308,0.13824166357517242,28.022016525268555
438,edm,1.0,1.1484229564666748,0.1510344296693802,28.148237228393555
439,edm,1.0,1.1447362508624792,0.1142234355211258,28.295040130615234
440,edm,1.0,1.1563239023089409,0.12131764739751816,28.12490463256836
441,edm,1.0,1.1305164210498333,0.12469872832298279,27.520282745361328
442,edm,1.0,1.1516512781381607,0.12557606399059296,27.52332878112793
443,edm,1.0,1.1411160975694656,0.11342989653348923,26.10552978515625
444,edm,1.0,1.1427703946828842,0.1104380413889885,27.286911010742188
445,edm,1.0,1.1400856599211693,0.10525131225585938,26.610584259033203
446,edm,1.0,1.141393644735217,0.10454113781452179,26.376569747924805
447,edm,1.0,1.1366221569478512,0.11761277914047241,26.58167839050293
448,edm,1.0,1.1171370465308428,0.0963909700512886,26.671945571899414
449,edm,1.0,1.1297741755843163,0.13743042945861816,25.529306411743164
450,edm,1.0,1.09752357006073,0.10093241184949875,25.883663177490234
451,edm,1.0,1.1045868173241615,0.09144436568021774,25.05355453491211
452,edm,1.0,1.1161291748285294,0.11588508635759354,25.049283981323242
453,edm,1.0,1.1145795974880457,0.10154924541711807,26.8029727935791
454,edm,1.0,1.104881027713418,0.13923993706703186,26.046554565429688
455,edm,1.0,1.097600905224681,0.10869649797677994,24.26894760131836
456,edm,1.0,1.1179101597517729,0.11719496548175812,26.188085556030273
457,edm,1.0,1.1061314903199673,0.12317080050706863,24.77696990966797
458,edm,1.0,1.083895107731223,0.10400508344173431,24.650352478027344
459,edm,1.0,1.098521489650011,0.09935098141431808,24.591678619384766
460,edm,1.0,1.1063618939369917,0.13453802466392517,23.913665771484375
461,edm,1.0,1.118612002581358,0.10507289320230484,24.018877029418945
462,edm,1.0,1.1005255822092295,0.10861016064882278,24.068098068237305
463,edm,1.0,1.0803631711751223,0.11778998374938965,24.067138671875
464,edm,1.0,1.0672513227909803,0.08221893012523651,22.137977600097656
465,edm,1.0,1.1096160598099232,0.11323051154613495,24.37160873413086
466,edm,1.0,1.0798497144132853,0.101280577480793,23.11321258544922
467,edm,1.0,1.0683022234588861,0.10105397552251816,23.2304630279541
468,edm,1.0,1.088409023359418,0.11534344404935837,23.053403854370117
469,edm,1.0,1.1022833492606878,0.09845313429832458,22.581897735595703
470,edm,1.0,1.071866400539875,0.10252424329519272,23.283676147460938
471,edm,1.0,1.0787325873970985,0.08398948609828949,21.568254470825195
472,edm,1.0,1.0606005508452654,0.0913827121257782,22.69537353515625
473,edm,1.0,1.0815148297697306,0.10477537661790848,22.14241600036621
474,edm,1.0,1.0688308142125607,0.1130179613828659,21.13912582397461
475,edm,1.0,1.0769917201250792,0.09739407896995544,21.490718841552734
476,edm,1.0,1.0719632152467966,0.09475357085466385,22.544858932495117
477,edm,1.0,1.084813555702567,0.10603325814008713,22.32655906677246
478,edm,1.0,1.0746757853776217,0.11815886199474335,21.750606536865234
479,edm,1.0,1.0647137593477964,0.09317398071289062,20.54523468017578
480,edm,1.0,1.053404789417982,0.08348364382982254,20.98889923095703
481,edm,1.0,1.0483725629746914,0.11058592796325684,21.171302795410156
482,edm,1.0,1.0339751746505499,0.09990287572145462,21.51531982421875
483,edm,1.0,1.0675162132829428,0.07421335577964783,21.236648559570312
484,edm,1.0,1.02516607940197,0.08471538126468658,20.44890785217285
485,edm,1.0,1.0361691657453775,0.09745475649833679,20.601512908935547
486,edm,1.0,1.0579989831894636,0.10082976520061493,21.492233276367188
487,edm,1.0,1.0230737160891294,0.09612978249788284,20.56619644165039
488,edm,1.0,1.0462080370634794,0.08097962290048599,20.7340145111084
489,edm,1.0,1.053944606333971,0.10053594410419464,21.515281677246094
490,edm,1.0,1.0545495301485062,0.08687132596969604,21.0810604095459
491,edm,1.0,1.0149542484432459,0.08402510732412338,20.937896728515625
492,edm,1.0,1.1322297509759665,0.08622323721647263,21.441255569458008
493,edm,1.0,1.0492580123245716,0.11089128255844116,20.46905517578125
494,edm,1.0,1.064296342432499,0.09614045917987823,20.170406341552734
495,edm,1.0,1.0585475284606218,0.07818665355443954,20.037076950073242
496,edm,1.0,1.030166992917657,0.09060098975896835,20.65720558166504
497,edm,1.0,1.021044734865427,0.0992884635925293,19.67556381225586
498,edm,1.0,1.0267552435398102,0.0860799178481102,20.287656784057617
499,edm,1.0,1.041496179997921,0.07853025943040848,19.96746826171875
500,edm,1.0,1.05062304623425,0.10207531601190567,20.116607666015625
501,edm,1.0,1.0510600991547108,0.06398321688175201,19.998220443725586
502,edm,1.0,1.0599595606327057,0.08928269892930984,20.221834182739258
503,edm,1.0,1.0255271587520838,0.09887813031673431,19.3933162689209
504,edm,1.0,1.027941858395934,0.09317714720964432,18.780746459960938
505,edm,1.0,1.0332497879862785,0.08845213800668716,19.45501708984375
506,edm,1.0,1.0210444889962673,0.06988142430782318,19.567813873291016
507,edm,1.0,1.0172494389116764,0.09084849059581757,19.803102493286133
508,edm,1.0,1.0260465200990438,0.08280743658542633,20.369230270385742
509,edm,1.0,1.0243446826934814,0.0873241275548935,20.507192611694336
510,edm,1.0,1.019938176497817,0.0849500223994255,19.138696670532227
511,edm,1.0,1.011712372303009,0.08725139498710632,18.93703269958496
512,edm,1.0,1.0106542333960533,0.06102981045842171,18.470703125
513,edm,1.0,1.0253081750124693,0.07352679967880249,18.83865737915039
514,edm,1.0,1.0297413803637028,0.10041322559118271,19.643436431884766
515,edm,1.0,1.0142465103417635,0.08878686279058456,18.827241897583008
516,edm,1.0,0.9937514960765839,0.08498699218034744,17.980297088623047
517,edm,1.0,0.9856193903833628,0.09196765720844269,19.001787185668945
518,edm,1.0,1.005842424929142,0.08950065076351166,19.204051971435547
519,edm,1.0,1.0140723995864391,0.07261638343334198,18.710481643676758
520,edm,1.0,1.023400193080306,0.09392974525690079,17.74541473388672
521,edm,1.0,0.9970823880285025,0.08278858661651611,18.000499725341797
522,edm,1.0,1.012119384482503,0.07140423357486725,18.629131317138672
523,edm,1.0,0.9944934155791998,0.06559490412473679,18.814027786254883
524,edm,1.0,1.0190968308597803,0.10393936932086945,18.593931198120117
525,edm,1.0,0.9951648842543364,0.10187838226556778,17.811269760131836
526,edm,1.0,1.014111327007413,0.08702670782804489,19.517492294311523
527,edm,1.0,0.9964648708701134,0.07359617948532104,18.593883514404297
528,edm,1.0,0.9954447075724602,0.0939909964799881,17.899166107177734
529,edm,1.0,0.9951456971466541,0.08800672739744186,18.279441833496094
530,edm,1.0,1.019190477207303,0.07812914997339249,18.754993438720703
531,edm,1.0,0.9909622464329004,0.055450960993766785,16.933429718017578
532,edm,1.0,0.9884012416005135,0.05986461415886879,18.463308334350586
533,edm,1.0,0.9788134768605232,0.06676501035690308,17.986804962158203
534,edm,1.0,0.9900600742548704,0.07609528303146362,18.345264434814453
535,edm,1.0,0.9874462448060513,0.08555068075656891,17.887821197509766
536,edm,1.0,0.9728640671819448,0.10701129585504532,17.419788360595703
537,edm,1.0,1.0183325503021479,0.06864480674266815,16.819698333740234
538,edm,1.0,0.9934017211198807,0.06145968288183212,17.469646453857422
539,edm,1.0,1.0027528051286936,0.05954080820083618,17.50254249572754
540,edm,1.0,0.9832770936191082,0.08564406633377075,16.8432674407959
541,edm,1.0,0.9795219488441944,0.08115451037883759,17.388154983520508
542,edm,1.0,0.9909658040851355,0.0681079775094986,16.7166748046875
543,edm,1.0,0.9977726321667433,0.07383469492197037,16.632591247558594
544,edm,1.0,1.0013335291296244,0.08546381443738937,17.773197174072266
545,edm,1.0,0.9695580713450909,0.06444547325372696,16.77996253967285
546,edm,1.0,0.9732320290058851,0.07134698331356049,16.441394805908203
547,edm,1.0,0.9964433740824461,0.07908526808023453,16.765296936035156
548,edm,1.0,0.970170633867383,0.07491078972816467,16.79065704345703
549,edm,1.0,0.9726074039936066,0.07071071863174438,17.75699234008789
550,edm,1.0,0.9783610738813877,0.08847355842590332,17.553436279296875
551,edm,1.0,0.9910851027816534,0.08127377182245255,16.5518856048584
552,edm,1.0,0.9699329789727926,0.0811586007475853,16.152204513549805
553,edm,1.0,0.9647679384797812,0.08727848529815674,16.435550689697266
554,edm,1.0,0.9717379845678806,0.07551184296607971,16.796926498413086
555,edm,1.0,0.9881631936877966,0.07926926761865616,16.287830352783203
556,edm,1.0,0.9413825944066048,0.07066288590431213,16.039552688598633
557,edm,1.0,0.9589715618640184,0.051098693162202835,16.770231246948242
558,edm,1.0,0.9958605486899614,0.07564164698123932,16.75631332397461
559,edm,1.0,0.9712889585644007,0.0699547678232193,17.1178035736084
560,edm,1.0,0.9425949547439814,0.06780371814966202,16.13575553894043
561,edm,1.0,0.978626687079668,0.061867855489254,16.825984954833984
562,edm,1.0,0.9343470484018326,0.07610861957073212,15.877642631530762
563,edm,1.0,0.9828609228134155,0.07361152023077011,16.165237426757812
564,edm,1.0,0.9572157263755798,0.062237147241830826,15.703925132751465
565,edm,1.0,0.9550164472311735,0.0817592665553093,14.817598342895508
566,edm,1.0,0.9608344361186028,0.07768954336643219,16.213180541992188
567,edm,1.0,0.9593370947986841,0.05987562984228134,16.567773818969727
568,edm,1.0,0.9593961331993341,0.05682365596294403,16.2690486907959
569,edm,1.0,0.9571729470044374,0.07294892519712448,15.195459365844727
570,edm,1.0,0.9608233571052551,0.07232140004634857,15.239957809448242
571,edm,1.0,0.9764625802636147,0.07807747274637222,14.877233505249023
572,edm,1.0,0.9611302353441715,0.06818076968193054,14.21549129486084
573,edm,1.0,0.9550440981984138,0.05632564797997475,15.367008209228516
574,edm,1.0,0.989965658634901,0.07508224248886108,14.467320442199707
575,edm,1.0,0.933704387396574,0.07208038121461868,15.56812572479248
576,edm,1.0,0.9403484091162682,0.07538517564535141,14.473627090454102
577,edm,1.0,0.9349424745887518,0.06801822781562805,14.964043617248535
578,edm,1.0,0.9571496527642012,0.07361623644828796,14.789961814880371
579,edm,1.0,0.9645521268248558,0.08075636625289917,15.803749084472656
580,edm,1.0,0.9720251448452473,0.06284937262535095,14.520278930664062
581,edm,1.0,0.9612488206475973,0.07017850130796432,15.024544715881348
582,edm,1.0,0.9339387770742178,0.07670804113149643,15.093596458435059
583,edm,1.0,0.9225236736238003,0.0692819133400917,15.02748966217041
584,edm,1.0,0.9369237944483757,0.0835011824965477,14.975090980529785
585,edm,1.0,0.9458794482052326,0.05472194775938988,14.883986473083496
586,edm,1.0,0.966309068724513,0.0569952130317688,15.357535362243652
587,edm,1.0,0.9291154816746712,0.050064507871866226,14.185218811035156
588,edm,1.0,0.9724135417491198,0.08679567277431488,14.048831939697266
589,edm,1.0,0.951590659096837,0.06419504433870316,14.484914779663086
590,edm,1.0,0.9403214622288942,0.06290115416049957,14.497926712036133
591,edm,1.0,0.9229095727205276,0.08062206953763962,14.307365417480469
592,edm,1.0,0.9200150836259127,0.08039160072803497,14.500933647155762
593,edm,1.0,0.9427210558205843,0.0703732818365097,14.644826889038086
594,edm,1.0,0.9319494795054197,0.0739796906709671,14.810956001281738
595,edm,1.0,0.9094581604003906,0.06837079674005508,15.058551788330078
596,edm,1.0,0.8980244901031256,0.07181742042303085,15.192726135253906
597,edm,1.0,0.9350987691432238,0.07440421730279922,14.284382820129395
598,edm,1.0,0.9144673943519592,0.08221841603517532,14.604349136352539
599,edm,1.0,0.9099854566156864,0.08085456490516663,14.467424392700195
600,edm,1.0,1.2370770424604416,0.053509052842855453,13.663213729858398
601,edm,1.0,0.9089771788567305,0.055942174047231674,14.960714340209961
602,edm,1.0,0.9042002037167549,0.056297414004802704,13.6367826461792
603,edm,1.0,0.906582472845912,0.0746118426322937,14.184427261352539
604,edm,1.0,0.9141425881534815,0.055357638746500015,14.476789474487305
605,edm,1.0,0.9031451214104891,0.0823056548833847,14.190783500671387
606,edm,1.0,0.9088404532521963,0.0747409239411354,14.08891773223877
607,edm,1.0,0.9131435006856918,0.06391873955726624,13.562801361083984
608,edm,1.0,0.9310148637741804,0.0502856969833374,14.200474739074707
609,edm,1.0,0.9628657549619675,0.06472345441579819,13.785490036010742
610,edm,1.0,0.928829412907362,0.06080157309770584,14.649916648864746
611,edm,1.0,0.9245235174894333,0.10339237004518509,14.160956382751465
612,edm,1.0,0.9059183783829212,0.06765560060739517,13.212438583374023
613,edm,1.0,0.9111502971500158,0.07284096628427505,13.475908279418945
614,edm,1.0,0.8799616247415543,0.06186569109559059,14.916900634765625
615,edm,1.0,0.895625052973628,0.05763653293251991,13.9070405960083
616,edm,1.0,0.8920567613095045,0.0673583522439003,13.36330795288086
617,edm,1.0,0.9009318705648184,0.0869341716170311,15.003947257995605
618,edm,1.0,0.9386734161525965,0.07423906773328781,13.400755882263184
619,edm,1.0,0.8971009254455566,0.08345124125480652,13.167682647705078
620,edm,1.0,0.9215064067393541,0.058726247400045395,13.74450397491455
621,edm,1.0,0.9006851632148027,0.07886065542697906,13.588736534118652
622,edm,1.0,0.8732055872678757,0.08501249551773071,13.305496215820312
623,edm,1.0,0.8911767918616533,0.06447626650333405,13.267472267150879
624,edm,1.0,0.9232268687337637,0.07617969810962677,14.263663291931152
625,edm,1.0,0.9306288715451956,0.057765476405620575,13.52542781829834
626,edm,1.0,0.8939948175102472,0.044888634234666824,13.67210578918457
627,edm,1.0,0.9172142632305622,0.06396573036909103,12.982231140136719
628,edm,1.0,0.9097453840076923,0.06955176591873169,13.918828964233398
629,edm,1.0,0.9185616411268711,0.0625530332326889,13.62939739227295
630,edm,1.0,0.9479094445705414,0.07253360748291016,13.75800895690918
631,edm,1.0,0.9351750276982784,0.07707972824573517,14.311300277709961
632,edm,1.0,0.9375831224024296,0.09028731286525726,14.70867919921875
633,edm,1.0,0.9184570536017418,0.06352262198925018,13.855582237243652
634,edm,1.0,0.8858212325721979,0.07831575721502304,12.633438110351562
635,edm,1.0,0.8801496457308531,0.05685986205935478,13.567703247070312
636,edm,1.0,0.8845889512449503,0.06290049850940704,13.12010383605957
637,edm,1.0,0.8905812408775091,0.06638552993535995,14.231553077697754
638,edm,1.0,0.925761803984642,0.06345783919095993,12.814408302307129
639,edm,1.0,0.9164508581161499,0.05805991590023041,12.420272827148438
640,edm,1.0,0.9103077203035355,0.06423531472682953,13.395326614379883
641,edm,1.0,0.8869491759687662,0.052026525139808655,13.356264114379883
642,edm,1.0,0.8751695230603218,0.05975281819701195,13.035889625549316
643,edm,1.0,0.8710355963557959,0.058677855879068375,12.862714767456055
644,edm,1.0,0.8766226880252361,0.05914674326777458,13.261002540588379
645,edm,1.0,0.8662859052419662,0.06814279407262802,12.825553894042969
646,edm,1.0,0.8876067828387022,0.061362527310848236,13.331894874572754
647,edm,1.0,0.9113118834793568,0.07229496538639069,13.365913391113281
648,edm,1.0,0.9015073087066412,0.06859803199768066,13.570959091186523
649,edm,1.0,0.8755050748586655,0.07370385527610779,12.882701873779297
650,edm,1.0,0.867605546489358,0.06326588988304138,13.228449821472168
651,edm,1.0,0.8612207286059856,0.06647201627492905,12.718430519104004
652,edm,1.0,0.8657464571297169,0.06009630486369133,12.619479179382324
653,edm,1.0,0.8638929333537817,0.04442594200372696,13.125142097473145
654,edm,1.0,0.8666955791413784,0.052472759038209915,13.24267578125
655,edm,1.0,0.8693426083773375,0.07832922041416168,12.466846466064453
656,edm,1.0,0.8906591031700373,0.062158916145563126,12.367530822753906
657,edm,1.0,0.8741248939186335,0.054996177554130554,12.7545166015625
658,edm,1.0,0.9115402344614267,0.06576354056596756,14.18448257446289
659,edm,1.0,0.8967170789837837,0.07832551002502441,12.747106552124023
